"","Year","ANCHL","BEUTI","NPGO","ONI","PDO","SST"
"1",2009,-0.407177720173544,1.47199171395546,0.999902328917355,0.394811190079381,-1.01211631007317,-0.19691049369342
"2",2010,-0.819634517680888,0.10177699145291,0.255193022233961,-0.758020630686026,-0.442495482333318,-0.758827649553918
"3",2011,-0.726622849096834,0.00791785225478767,0.911988812530656,-1.33570061104764,-0.191192175977498,-0.717232166953208
"4",2012,-0.784816595885328,-0.0623527427303047,0.380548901638681,-0.262505198953526,-0.960459519322256,-1.76861471079878
"5",2013,-0.75856987211535,-0.137697473668882,1.02258875160999,-0.516583264714323,-0.850863355161524,-0.261194421349062
"6",2014,0.956529618714793,1.65181414177043,-0.151453115157246,0.148317544192041,-0.362916101987308,1.25514998982227
"7",2015,-0.214557529091826,-0.963247017359541,-0.765908731155893,2.18726242017296,1.01785595348994,1.00368639046343
"8",2016,0.791132218789277,-1.01554774550449,-1.95271099092283,0.479503878666313,1.43948705637582,0.879278083412218
"9",2017,1.9637172465397,-1.05465572017037,-0.700148979694678,-0.337085327709183,1.36269993498932,0.564664978650485
