"","Year","ANCHL","BEUTI","NPGO","ONI","PDO","SST"
"1",2009,-0.407177720173544,0.667542596752083,0.355573891354637,-0.616515475892,-1.30715761677295,-0.375562447708803
"2",2010,-0.819634517680888,-0.185641719576161,1.52173647875008,0.710118226238915,0.172599765625623,-0.27503223018835
"3",2011,-0.726622849096834,-0.190275839510574,0.478337397777238,-1.35024026086943,-0.826410147937354,-0.77990763352832
"4",2012,-0.784816595885328,0.429021717774928,0.503466259119716,-0.772154066644789,-1.07095221300979,-1.74777126876889
"5",2013,-0.75856987211535,2.15178501003132,0.872336745503404,-0.606633660606108,-0.566584203797887,-0.329677244400728
"6",2014,0.956529618714793,-0.38611608446994,-1.02169771204763,-0.228654225920764,0.468551242105337,0.85009501532327
"7",2015,-0.214557529091826,-0.354572915168471,-1.30108538429046,1.02633631538744,1.23691352611136,1.58015568145658
"8",2016,0.791132218789277,-1.31336843538015,-0.163146598612708,1.79464745386549,1.48006614763225,0.86395805713425
"9",2017,1.9637172465397,-0.81837433045303,-1.24552107755428,0.0430956944412484,0.412973500043419,0.21374207068099
