"","Year","ANCHL","BEUTI","NPGO","ONI","PDO","SST"
"1",2009,-1.26984913284595,0.383077175733274,0.511766888042452,0.394811190079381,-0.654348401231176,-0.244868807583979
"2",2010,-0.277788300736123,0.271467198924707,1.15566515027649,-0.758020630686026,-0.385199128666874,-0.702444534163189
"3",2011,-1.1320857872903,0.187906881372089,0.634661148483824,-1.33570061104764,-1.20909495746093,-0.666590703978663
"4",2012,-0.599678936681683,0.0983127966133134,1.26409323344707,-0.262505198953526,-1.09171596914817,-1.76151531595157
"5",2013,0.538517430766074,2.22626060866654,0.113106078885769,-0.516583264714323,-0.569117798252481,-0.295019356636454
"6",2014,0.570394971623218,-0.883366411323437,-0.489283444930683,0.148317544192041,0.909707927114715,0.922591641368053
"7",2015,0.494389799170338,-0.945558363063021,-1.65278041608843,2.18726242017296,1.36128059552816,1.20212776448472
"8",2016,1.67609995599443,-0.992062520066591,-0.424815020625328,0.479503878666313,1.2790405400224,1.17372406748385
"9",2017,NA,-0.346037366856873,-1.11241361749117,-0.337085327709183,0.359447192094363,0.371995244977232
